CustomerID,Age,Gender,Income,Category,Spending,TransactionDate,AgeGroup
1,56.0,Male,59753.0,Clothing,667.58,2023-02-15,Middle Age
2,69.0,Male,77825.0,Groceries,882.87,2023-07-12,Senior
3,46.0,Male,97903.0,Groceries,815.98,2023-02-27,Middle Age
4,32.0,Female,52036.0,Healthcare,688.28,2023-04-21,Adult
5,60.0,Male,52658.0,Electronics,119.33,2023-05-09,Middle Age
6,25.0,Male,75662.0,Travel,296.3,2023-12-03,Young
7,38.0,Male,70228.0,Travel,316.71,2023-07-13,Adult
8,56.0,Female,87700.0,Groceries,257.46,2023-12-06,Middle Age
9,36.0,Female,68758.0,Travel,519.86,2023-11-22,Adult
10,40.0,Male,54610.0,Groceries,540.2,2023-01-08,Adult
11,28.0,Male,68859.0,Healthcare,363.32,2023-01-29,Adult
12,28.0,Male,76630.0,Electronics,360.25,2023-04-22,Adult
13,41.0,Male,72307.0,Healthcare,830.27,2023-06-10,Adult
14,53.0,Female,67609.0,Clothing,791.4,2023-05-11,Middle Age
15,57.0,Female,76000.0,Clothing,314.72,2023-07-07,Middle Age
16,41.0,Female,77539.0,Clothing,914.65,2023-06-12,Adult
17,20.0,Female,80732.0,Healthcare,953.29,2023-07-16,Young
18,39.0,Male,69730.0,Travel,333.48,2023-12-30,Adult
19,19.0,Male,57493.0,Electronics,360.88,2023-07-23,Young
20,41.0,Male,62200.0,Clothing,510.58,2023-07-31,Adult
21,61.0,Female,78097.0,Clothing,941.71,2023-04-19,Middle Age
22,47.0,Male,47745.0,Clothing,877.56,2023-10-03,Middle Age
23,55.0,Female,65530.0,Electronics,111.54,2023-03-14,Middle Age
24,19.0,Female,54099.0,Clothing,398.8,2023-06-16,Young
25,38.0,Male,60431.0,Electronics,557.84,2023-09-17,Adult
26,50.0,Male,79176.0,Clothing,508.1,2023-08-31,Middle Age
27,29.0,Male,62866.0,Healthcare,201.92,2023-10-02,Adult
28,39.0,Female,60696.0,Healthcare,860.23,2023-04-12,Adult
29,61.0,Male,39602.0,Electronics,680.17,2023-06-22,Middle Age
30,42.0,Female,71193.0,Healthcare,839.53,2023-06-20,Adult
31,66.0,Male,69682.0,Electronics,860.18,2023-05-21,Senior
32,44.0,Female,92448.0,Healthcare,750.87,2023-07-07,Adult
33,59.0,Female,55383.0,Healthcare,444.82,2023-03-27,Middle Age
34,45.0,Male,63287.0,Electronics,614.44,2023-02-21,Adult
35,33.0,Female,63740.0,Travel,168.76,2023-04-21,Adult
36,32.0,Female,83661.0,Healthcare,676.91,2023-12-31,Adult
37,64.0,Male,58570.0,Clothing,187.46,2023-12-08,Middle Age
38,68.0,Female,64185.0,Travel,697.01,2023-02-12,Senior
39,61.0,Male,69118.0,Electronics,237.3,2023-07-30,Middle Age
40,69.0,Female,62799.0,Travel,126.38,2023-07-19,Senior
41,20.0,Male,53303.0,Groceries,173.63,2023-10-25,Young
42,54.0,Male,62911.0,Groceries,11.97,2023-12-12,Middle Age
43,68.0,Female,76104.0,Healthcare,721.55,2023-08-28,Senior
44,24.0,Female,44602.0,Healthcare,735.08,2023-04-25,Young
45,38.0,Female,61994.0,Clothing,519.78,2023-01-26,Adult
46,26.0,Female,49498.0,Travel,169.75,2023-10-26,Adult
47,56.0,Female,77925.0,Groceries,92.72,2023-03-18,Middle Age
48,35.0,Male,37152.0,Healthcare,28.94,2023-05-17,Adult
49,21.0,Female,51616.0,Travel,174.09,2023-01-20,Young
50,42.0,Male,65658.0,Healthcare,891.95,2023-07-30,Adult
51,31.0,Male,83482.0,Healthcare,249.12,2023-08-28,Adult
52,67.0,Female,59013.0,Groceries,360.73,2023-02-08,Senior
53,26.0,Male,51672.0,Groceries,114.29,2023-09-25,Adult
54,43.0,Male,88217.0,Healthcare,230.14,2023-07-26,Adult
55,19.0,Male,38279.0,Electronics,524.03,2023-09-24,Young
56,37.0,Male,27017.0,Healthcare,611.68,2023-06-03,Adult
57,45.0,Female,66600.0,Healthcare,252.9,2023-02-11,Adult
58,64.0,Male,52469.0,Clothing,67.15,2023-01-11,Middle Age
59,24.0,Female,44681.0,Clothing,397.12,2023-10-21,Young
60,61.0,Female,70625.0,Clothing,241.86,2023-04-08,Middle Age
61,25.0,Male,63657.0,Electronics,227.36,2023-10-02,Young
62,64.0,Female,51538.0,Electronics,960.26,2023-08-18,Middle Age
63,52.0,Female,40795.0,Healthcare,620.14,2023-08-08,Middle Age
64,31.0,Female,73086.0,Clothing,561.31,2023-03-06,Adult
65,34.0,Male,69753.0,Electronics,421.62,2023-12-21,Adult
66,53.0,Female,58512.0,Groceries,434.65,2023-08-20,Middle Age
67,67.0,Female,87699.0,Healthcare,545.5,2023-11-24,Senior
68,57.0,Female,43948.0,Travel,699.47,2023-02-21,Middle Age
69,21.0,Male,37117.0,Healthcare,705.12,2023-09-20,Young
70,19.0,Female,49621.0,Travel,179.98,2023-09-24,Young
71,23.0,Male,59316.0,Clothing,505.11,2023-12-25,Young
72,59.0,Male,63650.0,Travel,417.84,2023-11-13,Middle Age
73,21.0,Male,56381.0,Clothing,871.82,2023-11-20,Young
74,46.0,Male,65280.0,Groceries,635.1,2023-06-03,Middle Age
75,35.0,Male,41226.0,Travel,537.18,2023-12-24,Adult
76,43.0,Male,81656.0,Healthcare,124.24,2023-05-20,Adult
77,61.0,Female,58767.0,Clothing,609.58,2023-02-20,Middle Age
78,51.0,Male,76759.0,Healthcare,126.03,2023-04-27,Middle Age
79,27.0,Female,65140.0,Electronics,343.83,2023-02-15,Adult
80,53.0,Female,66851.0,Clothing,151.41,2023-11-05,Middle Age
81,31.0,Male,68546.0,Travel,695.15,2023-03-29,Adult
82,48.0,Female,66715.0,Clothing,214.19,2023-07-27,Middle Age
83,65.0,Female,69640.0,Healthcare,397.94,2023-09-26,Middle Age
84,32.0,Female,79937.0,Groceries,896.72,2023-03-30,Adult
85,25.0,Female,62947.0,Clothing,212.27,2023-04-28,Young
86,31.0,Male,70635.0,Travel,512.73,2023-02-23,Adult
87,40.0,Female,58653.0,Electronics,425.08,2023-04-26,Adult
88,57.0,Male,81601.0,Groceries,27.94,2023-04-28,Middle Age
89,38.0,Female,49854.0,Electronics,794.83,2023-09-17,Adult
90,33.0,Female,87014.0,Clothing,78.36,2023-03-16,Adult
91,62.0,Male,59397.0,Healthcare,479.51,2023-11-01,Middle Age
92,35.0,Female,38538.0,Healthcare,565.07,2023-01-07,Adult
93,64.0,Female,61921.0,Travel,632.14,2023-05-02,Middle Age
94,41.0,Female,49784.0,Healthcare,691.75,2023-01-11,Adult
95,43.0,Male,72609.0,Groceries,260.74,2023-12-14,Adult
96,42.0,Female,50210.0,Healthcare,19.88,2023-08-03,Adult
97,62.0,Male,53307.0,Travel,726.21,2023-10-06,Middle Age
98,58.0,Female,31656.0,Clothing,540.3,2023-01-28,Middle Age
99,46.0,Male,53215.0,Clothing,837.76,2023-08-23,Middle Age
100,32.0,Male,23641.0,Healthcare,823.17,2023-11-09,Adult
101,62.0,Female,36241.0,Electronics,844.89,2023-01-26,Middle Age
102,18.0,Female,71406.0,Clothing,490.24,2023-02-23,Young
103,42.0,Male,71787.0,Healthcare,340.29,2023-01-29,Adult
104,24.0,Male,66381.0,Travel,793.64,2023-12-19,Young
105,26.0,Female,45495.0,Healthcare,456.78,2023-06-13,Adult
106,41.0,Male,59284.0,Clothing,191.61,2023-09-27,Adult
107,18.0,Female,59945.0,Travel,856.42,2023-11-30,Young
108,61.0,Female,42624.0,Healthcare,883.73,2023-02-04,Middle Age
109,25.0,Female,82550.0,Groceries,471.65,2023-10-13,Young
110,41.0,Female,73160.0,Travel,84.94,2023-12-14,Adult
111,28.0,Male,56685.0,Groceries,393.95,2023-09-30,Adult
112,68.0,Female,60403.0,Electronics,805.5,2023-07-27,Senior
113,34.0,Male,63125.0,Travel,902.76,2023-08-26,Adult
114,25.0,Female,29373.0,Groceries,211.44,2023-04-03,Young
115,52.0,Male,56292.0,Clothing,76.3,2023-06-22,Middle Age
116,52.0,Female,49770.0,Clothing,878.58,2023-03-20,Middle Age
117,50.0,Male,44975.0,Electronics,395.51,2023-04-20,Middle Age
118,22.0,Male,55783.0,Travel,546.34,2023-08-05,Young
119,59.0,Female,86965.0,Travel,968.39,2023-12-24,Middle Age
120,56.0,Female,69612.0,Travel,75.9,2023-04-16,Middle Age
121,58.0,Female,51432.0,Electronics,651.83,2023-02-16,Middle Age
122,45.0,Female,68588.0,Travel,83.36,2023-06-30,Adult
123,24.0,Male,80990.0,Clothing,381.71,2023-03-05,Young
124,26.0,Female,73869.0,Groceries,805.78,2023-09-03,Adult
125,25.0,Male,60894.0,Clothing,439.14,2023-09-01,Young
126,29.0,Male,50295.0,Clothing,997.21,2023-11-16,Adult
127,51.0,Female,70473.0,Groceries,563.47,2023-03-28,Middle Age
128,50.0,Male,65902.0,Clothing,327.95,2023-08-05,Middle Age
129,65.0,Male,73427.0,Electronics,227.91,2023-01-07,Middle Age
130,40.0,Male,69527.0,Groceries,357.02,2023-10-05,Adult
131,41.0,Male,75743.0,Clothing,378.81,2023-12-03,Adult
132,54.0,Female,51971.0,Healthcare,78.03,2023-07-29,Middle Age
133,52.0,Female,79760.0,Clothing,375.88,2023-06-18,Middle Age
134,61.0,Female,62963.0,Electronics,469.6,2023-11-26,Middle Age
135,57.0,Female,91128.0,Travel,725.51,2023-05-18,Middle Age
136,39.0,Male,49662.0,Clothing,660.16,2023-11-02,Adult
137,44.0,Male,86039.0,Travel,711.68,2023-08-18,Adult
138,52.0,Female,62968.0,Healthcare,18.28,2023-11-04,Middle Age
139,18.0,Female,50228.0,Clothing,225.49,2023-06-10,Young
140,52.0,Female,52741.0,Groceries,665.07,2023-01-01,Middle Age
141,54.0,Male,55194.0,Travel,489.15,2023-08-24,Middle Age
142,64.0,Female,66362.0,Healthcare,15.26,2023-07-07,Middle Age
143,31.0,Female,67842.0,Groceries,806.45,2023-01-04,Adult
144,20.0,Female,51394.0,Groceries,775.08,2023-05-12,Young
145,18.0,Male,59634.0,Groceries,552.93,2023-08-06,Young
146,22.0,Male,92134.0,Groceries,75.8,2023-09-17,Young
147,43.0,Male,85913.0,Clothing,768.85,2023-01-01,Adult
148,31.0,Male,66544.0,Clothing,587.88,2023-03-12,Adult
149,56.0,Male,60570.0,Clothing,784.14,2023-06-27,Middle Age
150,44.0,Male,61800.0,Healthcare,754.23,2023-07-08,Adult
151,26.0,Male,69202.0,Healthcare,804.97,2023-10-18,Adult
152,32.0,Male,44658.0,Healthcare,522.83,2023-01-08,Adult
153,32.0,Female,56139.0,Electronics,148.92,2023-09-10,Adult
154,43.0,Female,34971.0,Healthcare,674.45,2023-10-19,Adult
155,59.0,Male,65988.0,Clothing,624.27,2023-09-01,Middle Age
156,30.0,Male,69707.0,Clothing,744.83,2023-05-03,Adult
157,68.0,Female,52752.0,Electronics,178.18,2023-10-26,Senior
158,49.0,Male,83609.0,Electronics,203.03,2023-10-10,Middle Age
159,56.0,Male,41613.0,Healthcare,891.51,2023-02-01,Middle Age
160,66.0,Male,38034.0,Travel,752.48,2023-11-30,Senior
161,69.0,Female,63366.0,Electronics,909.15,2023-05-26,Senior
162,49.0,Female,75706.0,Groceries,761.13,2023-06-05,Middle Age
163,21.0,Female,85258.0,Clothing,601.18,2023-01-16,Young
164,47.0,Female,53116.0,Groceries,657.59,2023-12-21,Middle Age
165,54.0,Female,76180.0,Clothing,890.24,2023-02-16,Middle Age
166,40.0,Male,59422.0,Clothing,583.02,2023-09-08,Adult
167,56.0,Female,57410.0,Electronics,636.07,2023-07-06,Middle Age
168,62.0,Male,73254.0,Electronics,164.91,2023-01-31,Middle Age
169,32.0,Male,69784.0,Groceries,479.18,2023-09-17,Adult
170,60.0,Female,36354.0,Clothing,719.23,2023-01-17,Middle Age
171,46.0,Female,82148.0,Groceries,278.23,2023-02-08,Middle Age
172,53.0,Male,80701.0,Travel,210.23,2023-10-31,Middle Age
173,30.0,Male,50616.0,Groceries,320.69,2023-02-08,Adult
174,49.0,Male,65937.0,Healthcare,249.09,2023-05-12,Middle Age
175,24.0,Female,67410.0,Groceries,222.76,2023-01-30,Young
176,68.0,Female,63910.0,Healthcare,430.6,2023-06-07,Senior
177,39.0,Female,51745.0,Healthcare,908.76,2023-10-05,Adult
178,45.0,Female,49925.0,Healthcare,511.99,2023-07-22,Adult
179,19.0,Female,59616.0,Travel,196.04,2023-03-07,Young
180,59.0,Male,77590.0,Groceries,86.2,2023-04-18,Middle Age
181,62.0,Female,68154.0,Groceries,699.19,2023-09-25,Middle Age
182,23.0,Male,54440.0,Travel,388.97,2023-08-10,Young
183,45.0,Male,71575.0,Clothing,823.61,2023-10-19,Adult
185,61.0,Female,77231.0,Groceries,798.28,2023-03-31,Middle Age
186,61.0,Female,33904.0,Electronics,279.23,2023-06-30,Middle Age
187,37.0,Female,54563.0,Travel,695.44,2023-09-12,Adult
188,47.0,Male,43204.0,Clothing,271.42,2023-09-10,Middle Age
189,28.0,Male,40579.0,Clothing,939.68,2023-09-14,Adult
190,45.0,Male,77412.0,Clothing,640.01,2023-12-12,Adult
191,42.0,Male,52984.0,Travel,331.27,2023-03-28,Adult
192,56.0,Male,65197.0,Healthcare,276.82,2023-03-31,Middle Age
193,50.0,Male,59296.0,Healthcare,199.02,2023-08-25,Middle Age
194,18.0,Female,67155.0,Electronics,697.69,2023-03-11,Young
195,44.0,Female,61152.0,Healthcare,226.53,2023-02-13,Adult
196,69.0,Female,40755.0,Healthcare,599.35,2023-07-19,Senior
197,30.0,Female,74944.0,Clothing,271.99,2023-06-01,Adult
198,58.0,Male,52593.0,Clothing,665.35,2023-03-27,Middle Age
199,20.0,Male,36651.0,Electronics,816.79,2023-01-19,Young
200,56.0,Female,53578.0,Groceries,780.24,2023-04-11,Middle Age
201,23.0,Male,82511.0,Electronics,763.24,2023-04-05,Young
202,25.0,Female,72753.0,Electronics,195.85,2023-09-11,Young
203,44.0,Female,54770.0,Travel,97.5,2023-12-23,Adult
204,26.0,Female,54761.0,Travel,701.96,2023-01-30,Adult
205,54.0,Male,55175.0,Electronics,374.66,2023-09-06,Middle Age
206,50.0,Female,91151.0,Electronics,438.02,2023-02-02,Middle Age
207,68.0,Female,65729.0,Electronics,40.84,2023-08-17,Senior
208,59.0,Female,66450.0,Healthcare,266.98,2023-01-12,Middle Age
209,61.0,Male,75454.0,Travel,43.34,2023-04-28,Middle Age
210,41.0,Male,63581.0,Electronics,880.39,2023-12-16,Adult
211,32.0,Female,56114.0,Clothing,250.96,2023-06-04,Adult
212,49.0,Male,57054.0,Clothing,561.76,2023-09-03,Middle Age
213,49.0,Male,58925.0,Healthcare,48.59,2023-11-28,Middle Age
214,41.0,Male,59441.0,Healthcare,670.18,2023-09-04,Adult
215,58.0,Male,70914.0,Groceries,329.8,2023-01-29,Middle Age
216,69.0,Male,60779.0,Groceries,898.94,2023-06-10,Senior
217,66.0,Male,70989.0,Groceries,889.24,2023-08-23,Senior
218,66.0,Male,58789.0,Healthcare,332.04,2023-07-09,Senior
219,69.0,Male,61179.0,Healthcare,901.95,2023-04-27,Senior
220,29.0,Male,30026.0,Healthcare,996.2,2023-09-28,Adult
221,56.0,Male,73744.0,Clothing,827.16,2023-09-15,Middle Age
222,19.0,Female,65197.0,Healthcare,846.42,2023-06-29,Young
223,20.0,Female,74970.0,Clothing,256.52,2023-06-21,Young
225,54.0,Female,91325.0,Groceries,76.58,2023-09-16,Middle Age
226,66.0,Female,57906.0,Groceries,103.97,2023-05-15,Senior
227,34.0,Male,76622.0,Electronics,998.9,2023-06-20,Adult
228,66.0,Male,44401.0,Electronics,333.37,2023-07-29,Senior
229,19.0,Male,69191.0,Travel,750.7,2023-08-24,Young
230,19.0,Female,44198.0,Travel,808.6,2023-07-05,Young
231,45.0,Female,50643.0,Travel,859.44,2023-12-30,Adult
232,40.0,Male,88710.0,Electronics,997.65,2023-04-05,Adult
233,54.0,Male,57139.0,Electronics,249.08,2023-01-11,Middle Age
234,49.0,Male,63261.0,Travel,49.95,2023-03-09,Middle Age
235,50.0,Female,73051.0,Travel,417.08,2023-07-29,Middle Age
236,18.0,Female,67435.0,Healthcare,138.78,2023-07-15,Young
237,36.0,Female,62256.0,Travel,32.2,2023-04-08,Adult
238,19.0,Female,65474.0,Healthcare,366.82,2023-04-03,Young
239,61.0,Male,96051.0,Clothing,785.9,2023-01-22,Middle Age
240,43.0,Male,59135.0,Electronics,570.52,2023-06-21,Adult
241,49.0,Male,63016.0,Travel,319.65,2023-05-14,Middle Age
242,23.0,Male,75759.0,Electronics,657.8,2023-01-25,Young
243,49.0,Female,76582.0,Electronics,239.7,2023-07-04,Middle Age
244,21.0,Female,77805.0,Electronics,24.24,2023-03-26,Young
245,28.0,Male,69580.0,Clothing,766.71,2023-02-24,Adult
246,34.0,Male,42854.0,Groceries,627.51,2023-09-08,Adult
247,55.0,Female,84501.0,Travel,764.68,2023-05-24,Middle Age
248,41.0,Male,42804.0,Groceries,48.55,2023-12-17,Adult
249,22.0,Female,64539.0,Groceries,838.75,2023-06-16,Young
250,69.0,Male,48685.0,Groceries,623.33,2023-08-12,Senior
251,51.0,Male,59037.0,Electronics,567.76,2023-08-08,Middle Age
252,23.0,Male,64931.0,Healthcare,628.37,2023-06-28,Young
253,39.0,Male,64820.0,Electronics,865.79,2023-04-29,Adult
254,28.0,Male,66328.0,Electronics,591.07,2023-09-22,Adult
255,65.0,Male,84205.0,Groceries,585.14,2023-05-30,Middle Age
256,33.0,Male,66803.0,Electronics,990.77,2023-08-03,Adult
257,50.0,Female,56337.0,Groceries,759.16,2023-07-16,Middle Age
258,26.0,Female,74461.0,Healthcare,447.87,2023-02-11,Adult
259,23.0,Female,77842.0,Travel,710.32,2023-02-22,Young
260,33.0,Female,41585.0,Groceries,395.34,2023-11-26,Adult
261,46.0,Female,68961.0,Healthcare,236.59,2023-09-08,Middle Age
262,20.0,Male,70517.0,Travel,600.88,2023-10-22,Young
263,37.0,Male,55536.0,Clothing,928.9,2023-09-28,Adult
264,53.0,Female,80635.0,Groceries,929.85,2023-05-03,Middle Age
265,36.0,Male,57749.0,Groceries,348.49,2023-12-05,Adult
266,43.0,Female,61883.0,Clothing,532.4,2023-09-23,Adult
267,20.0,Female,57403.0,Clothing,219.52,2023-12-14,Young
268,36.0,Male,60233.0,Groceries,995.67,2023-01-29,Adult
269,37.0,Male,43555.0,Clothing,981.31,2023-02-04,Adult
270,49.0,Male,38399.0,Electronics,653.01,2023-01-06,Middle Age
271,24.0,Female,83917.0,Travel,806.37,2023-04-21,Young
272,69.0,Male,47295.0,Travel,717.95,2023-10-21,Senior
273,58.0,Female,45129.0,Travel,597.23,2023-03-18,Middle Age
274,50.0,Female,27699.0,Electronics,62.81,2023-12-15,Middle Age
275,57.0,Female,50415.0,Clothing,460.22,2023-05-27,Middle Age
276,56.0,Male,40153.0,Healthcare,678.04,2023-03-08,Middle Age
277,35.0,Male,84630.0,Clothing,680.76,2023-01-08,Adult
278,57.0,Female,75147.0,Groceries,379.39,2023-05-02,Middle Age
279,18.0,Male,49677.0,Travel,942.28,2023-12-06,Young
280,28.0,Male,93786.0,Clothing,175.68,2023-06-24,Adult
281,45.0,Male,74726.0,Healthcare,505.36,2023-06-28,Adult
282,42.0,Female,55127.0,Groceries,693.98,2023-03-26,Adult
283,67.0,Female,22508.0,Electronics,700.16,2023-02-14,Senior
284,40.0,Male,94364.0,Electronics,652.15,2023-05-16,Adult
285,48.0,Female,39156.0,Healthcare,282.54,2023-12-09,Middle Age
286,47.0,Male,35319.0,Groceries,164.64,2023-01-16,Middle Age
287,59.0,Male,75338.0,Travel,639.58,2023-11-29,Middle Age
288,52.0,Male,96596.0,Clothing,603.31,2023-07-14,Middle Age
289,24.0,Male,80764.0,Groceries,187.56,2023-01-09,Young
290,33.0,Female,68458.0,Electronics,708.09,2023-11-12,Adult
291,43.0,Female,68921.0,Healthcare,460.62,2023-11-30,Adult
292,65.0,Female,72801.0,Healthcare,671.08,2023-11-29,Middle Age
293,69.0,Male,71383.0,Clothing,838.99,2023-11-23,Senior
294,66.0,Male,64217.0,Healthcare,178.03,2023-01-15,Senior
295,19.0,Male,61563.0,Healthcare,28.95,2023-11-23,Young
296,18.0,Female,59061.0,Groceries,781.31,2023-04-12,Young
297,65.0,Male,48690.0,Travel,613.6,2023-08-14,Middle Age
298,29.0,Female,55789.0,Clothing,702.64,2023-10-05,Adult
299,22.0,Female,34605.0,Groceries,839.77,2023-04-23,Young
300,54.0,Female,58524.0,Travel,804.78,2023-01-01,Middle Age
301,49.0,Female,45171.0,Groceries,961.31,2023-09-23,Middle Age
302,26.0,Female,43446.0,Groceries,540.58,2023-07-27,Adult
303,58.0,Female,62698.0,Healthcare,493.61,2023-04-20,Middle Age
304,52.0,Male,80880.0,Travel,407.87,2023-07-19,Middle Age
305,36.0,Male,73774.0,Clothing,162.15,2023-11-02,Adult
306,65.0,Female,36442.0,Clothing,576.88,2023-01-12,Middle Age
307,33.0,Female,45155.0,Travel,284.24,2023-12-11,Adult
308,20.0,Male,74111.0,Healthcare,922.09,2023-07-07,Young
309,37.0,Female,45262.0,Electronics,587.36,2023-06-03,Adult
310,41.0,Female,56630.0,Groceries,596.91,2023-11-30,Adult
311,50.0,Male,68250.0,Healthcare,361.38,2023-10-06,Middle Age
312,41.0,Female,45474.0,Travel,61.47,2023-06-20,Adult
313,69.0,Female,61580.0,Groceries,41.43,2023-05-14,Senior
314,28.0,Female,39989.0,Clothing,429.1,2023-01-25,Adult
315,66.0,Male,50979.0,Electronics,93.72,2023-01-18,Senior
316,25.0,Male,64796.0,Clothing,610.78,2023-07-09,Young
317,53.0,Male,36105.0,Travel,882.16,2023-05-21,Middle Age
318,55.0,Female,66607.0,Groceries,884.09,2023-02-12,Middle Age
319,57.0,Female,59705.0,Travel,662.45,2023-11-30,Middle Age
320,37.0,Male,68287.0,Groceries,219.12,2023-10-11,Adult
321,52.0,Female,63358.0,Healthcare,864.37,2023-05-26,Middle Age
322,65.0,Female,80462.0,Electronics,887.23,2023-11-11,Middle Age
323,42.0,Female,61878.0,Healthcare,204.69,2023-11-15,Adult
324,52.0,Female,53558.0,Healthcare,740.05,2023-04-02,Middle Age
325,42.0,Female,61834.0,Travel,293.65,2023-06-28,Adult
326,46.0,Male,68149.0,Electronics,804.61,2023-02-25,Middle Age
327,35.0,Female,60732.0,Groceries,997.27,2023-06-04,Adult
328,63.0,Male,60608.0,Groceries,39.73,2023-06-09,Middle Age
329,35.0,Female,49470.0,Clothing,898.39,2023-04-21,Adult
330,19.0,Male,50056.0,Groceries,626.4,2023-05-17,Young
331,52.0,Female,38960.0,Travel,973.65,2023-08-20,Middle Age
332,33.0,Male,86243.0,Healthcare,470.36,2023-08-08,Adult
333,58.0,Female,41342.0,Healthcare,848.91,2023-03-09,Middle Age
334,53.0,Male,49606.0,Healthcare,71.77,2023-10-29,Middle Age
335,50.0,Female,49223.0,Electronics,341.93,2023-09-06,Middle Age
336,21.0,Male,73423.0,Groceries,76.35,2023-11-19,Young
337,50.0,Female,55575.0,Travel,975.59,2023-01-06,Middle Age
338,31.0,Male,78716.0,Electronics,818.8,2023-10-07,Adult
339,38.0,Male,49897.0,Clothing,854.02,2023-04-04,Adult
340,65.0,Female,64184.0,Travel,938.59,2023-09-26,Middle Age
341,37.0,Female,47469.0,Travel,94.25,2023-07-16,Adult
342,25.0,Male,92177.0,Travel,391.74,2023-01-25,Young
343,24.0,Female,42186.0,Healthcare,80.32,2023-05-28,Young
344,20.0,Male,64647.0,Travel,218.69,2023-04-28,Young
345,34.0,Male,69506.0,Groceries,237.07,2023-12-04,Adult
346,50.0,Male,66206.0,Travel,474.42,2023-12-04,Middle Age
347,65.0,Female,57220.0,Healthcare,275.88,2023-03-07,Middle Age
348,29.0,Male,58052.0,Travel,109.97,2023-10-28,Adult
349,68.0,Male,60657.0,Clothing,175.82,2023-06-24,Senior
350,39.0,Female,57794.0,Clothing,155.8,2023-11-15,Adult
351,39.0,Female,74458.0,Healthcare,973.35,2023-03-17,Adult
352,63.0,Female,93157.0,Groceries,761.7,2023-04-24,Middle Age
353,47.0,Female,51637.0,Groceries,968.08,2023-04-21,Middle Age
354,55.0,Male,39452.0,Electronics,445.34,2023-09-06,Middle Age
355,55.0,Male,58675.0,Healthcare,285.58,2023-07-22,Middle Age
356,62.0,Male,98695.0,Travel,800.31,2023-05-27,Middle Age
357,68.0,Male,47944.0,Healthcare,332.99,2023-02-04,Senior
358,25.0,Female,84586.0,Electronics,306.39,2023-11-05,Young
359,44.0,Male,85165.0,Healthcare,240.18,2023-01-26,Adult
360,44.0,Male,51696.0,Healthcare,138.38,2023-08-26,Adult
361,51.0,Female,68534.0,Electronics,263.9,2023-01-14,Middle Age
362,38.0,Male,84425.0,Groceries,361.77,2023-02-14,Adult
363,47.0,Male,54313.0,Travel,677.25,2023-08-04,Middle Age
364,50.0,Male,56946.0,Electronics,71.94,2023-08-21,Middle Age
365,45.0,Male,51274.0,Clothing,218.4,2023-07-12,Adult
366,64.0,Male,44778.0,Groceries,810.93,2023-02-20,Middle Age
367,50.0,Male,50260.0,Clothing,155.45,2023-08-02,Middle Age
368,22.0,Female,41640.0,Groceries,349.22,2023-05-31,Young
369,65.0,Female,60511.0,Travel,866.01,2023-10-02,Middle Age
370,36.0,Male,48450.0,Travel,163.38,2023-12-04,Adult
371,21.0,Male,63506.0,Healthcare,91.91,2023-03-17,Young
372,52.0,Female,36661.0,Clothing,489.69,2023-08-08,Middle Age
373,66.0,Male,64963.0,Groceries,309.4,2023-12-14,Senior
374,34.0,Male,72502.0,Travel,567.77,2023-07-06,Adult
375,61.0,Male,30093.0,Electronics,805.77,2023-10-16,Middle Age
376,45.0,Female,65610.0,Travel,145.78,2023-01-28,Adult
377,47.0,Male,78415.0,Electronics,584.89,2023-06-29,Middle Age
378,46.0,Female,41855.0,Groceries,510.45,2023-09-10,Middle Age
379,63.0,Male,85088.0,Travel,152.64,2023-05-06,Middle Age
380,23.0,Female,66285.0,Travel,627.76,2023-06-26,Young
381,52.0,Female,49424.0,Groceries,280.9,2023-02-06,Middle Age
382,58.0,Male,59163.0,Travel,492.96,2023-04-09,Middle Age
383,54.0,Female,68374.0,Electronics,91.45,2023-04-08,Middle Age
384,41.0,Male,61140.0,Travel,464.99,2023-05-07,Adult
385,46.0,Female,68081.0,Clothing,313.4,2023-06-17,Middle Age
386,66.0,Male,46189.0,Healthcare,824.16,2023-03-21,Senior
387,63.0,Male,62540.0,Electronics,66.41,2023-10-21,Middle Age
388,48.0,Female,38794.0,Clothing,424.42,2023-11-29,Middle Age
389,52.0,Male,58331.0,Groceries,463.85,2023-05-06,Middle Age
390,50.0,Male,46441.0,Electronics,727.76,2023-12-09,Middle Age
391,69.0,Female,48967.0,Healthcare,578.54,2023-11-06,Senior
392,38.0,Male,78541.0,Healthcare,670.54,2023-05-30,Adult
393,49.0,Male,76369.0,Groceries,779.28,2023-01-16,Middle Age
394,40.0,Female,69137.0,Groceries,863.58,2023-01-28,Adult
395,50.0,Female,43615.0,Electronics,320.74,2023-06-22,Middle Age
396,20.0,Male,55253.0,Travel,542.64,2023-02-15,Young
397,35.0,Male,78196.0,Groceries,841.71,2023-11-24,Adult
398,42.0,Female,62125.0,Travel,989.56,2023-08-24,Adult
399,59.0,Female,94789.0,Clothing,890.62,2023-08-02,Middle Age
400,48.0,Male,65899.0,Healthcare,377.75,2023-03-26,Middle Age
401,20.0,Female,62880.0,Travel,203.21,2023-10-09,Young
402,57.0,Male,55363.0,Healthcare,494.5,2023-08-20,Middle Age
403,63.0,Male,62003.0,Travel,744.23,2023-03-26,Middle Age
404,41.0,Male,57712.0,Clothing,497.64,2023-03-06,Adult
405,67.0,Male,70621.0,Groceries,488.35,2023-05-14,Senior
406,49.0,Male,74350.0,Clothing,839.85,2023-05-31,Middle Age
407,64.0,Female,48210.0,Groceries,367.79,2023-04-25,Middle Age
408,39.0,Female,40031.0,Groceries,861.2,2023-03-05,Adult
409,40.0,Female,32456.0,Healthcare,412.74,2023-12-09,Adult
410,19.0,Female,67619.0,Clothing,334.95,2023-12-29,Young
411,44.0,Male,43449.0,Travel,459.45,2023-12-18,Adult
412,59.0,Male,27706.0,Clothing,764.82,2023-06-07,Middle Age
413,19.0,Male,65828.0,Healthcare,134.74,2023-03-18,Young
414,43.0,Male,97394.0,Groceries,204.46,2023-05-26,Adult
415,34.0,Female,59908.0,Healthcare,951.93,2023-12-09,Adult
416,57.0,Male,72577.0,Electronics,183.74,2023-08-13,Middle Age
417,50.0,Male,61227.0,Electronics,572.05,2023-11-09,Middle Age
418,26.0,Female,58516.0,Travel,583.52,2023-04-13,Adult
419,60.0,Female,73786.0,Healthcare,494.73,2023-12-13,Middle Age
420,65.0,Female,55645.0,Travel,648.3,2023-10-28,Middle Age
421,56.0,Female,64010.0,Travel,237.53,2023-03-29,Middle Age
422,46.0,Male,64825.0,Electronics,557.14,2023-10-30,Middle Age
423,59.0,Male,49978.0,Travel,378.45,2023-06-17,Middle Age
424,43.0,Female,74880.0,Electronics,665.05,2023-06-19,Adult
425,52.0,Male,57375.0,Groceries,149.81,2023-05-15,Middle Age
426,67.0,Male,48663.0,Healthcare,575.17,2023-02-19,Senior
427,42.0,Male,68047.0,Travel,193.42,2023-12-06,Adult
428,41.0,Female,46522.0,Electronics,285.86,2023-12-13,Adult
429,30.0,Male,60422.0,Clothing,226.52,2023-05-14,Adult
430,24.0,Female,59863.0,Travel,191.01,2023-12-13,Young
431,53.0,Male,76288.0,Groceries,827.45,2023-05-17,Middle Age
432,62.0,Male,67120.0,Groceries,292.85,2023-09-02,Middle Age
433,37.0,Male,59624.0,Clothing,927.85,2023-04-19,Adult
434,18.0,Female,72266.0,Electronics,970.23,2023-11-09,Young
435,25.0,Male,80853.0,Travel,575.55,2023-10-14,Young
436,63.0,Female,68367.0,Electronics,151.57,2023-01-21,Middle Age
437,33.0,Female,60155.0,Groceries,380.8,2023-03-31,Adult
438,31.0,Female,40322.0,Electronics,799.75,2023-10-23,Adult
439,29.0,Male,44023.0,Groceries,373.72,2023-04-22,Adult
440,68.0,Male,55421.0,Electronics,96.15,2023-10-28,Senior
441,40.0,Male,50857.0,Clothing,561.22,2023-03-18,Adult
442,32.0,Male,57195.0,Healthcare,846.67,2023-06-26,Adult
443,45.0,Female,60849.0,Clothing,797.97,2023-12-09,Adult
444,51.0,Female,67945.0,Clothing,183.37,2023-05-28,Middle Age
445,19.0,Female,58942.0,Healthcare,676.04,2023-04-11,Young
446,49.0,Male,67297.0,Healthcare,228.3,2023-09-03,Middle Age
447,40.0,Female,60967.0,Travel,226.03,2023-04-27,Adult
448,39.0,Male,30368.0,Travel,875.33,2023-04-02,Adult
449,68.0,Female,45909.0,Clothing,257.17,2023-01-28,Senior
450,42.0,Male,57838.0,Clothing,270.61,2023-01-25,Adult
451,39.0,Male,41854.0,Groceries,10.65,2023-02-27,Adult
452,39.0,Female,68998.0,Groceries,871.96,2023-10-24,Adult
453,66.0,Female,82961.0,Travel,794.67,2023-05-14,Senior
454,69.0,Female,78281.0,Travel,631.06,2023-11-27,Senior
455,59.0,Female,56798.0,Groceries,752.76,2023-09-06,Middle Age
456,23.0,Male,82360.0,Groceries,160.53,2023-02-07,Young
457,32.0,Female,62230.0,Electronics,463.74,2023-03-16,Adult
458,60.0,Female,54943.0,Electronics,357.71,2023-05-22,Middle Age
459,54.0,Female,50798.0,Groceries,102.84,2023-11-18,Middle Age
460,50.0,Male,55462.0,Electronics,491.27,2023-06-17,Middle Age
461,25.0,Male,54177.0,Healthcare,921.53,2023-09-16,Young
462,61.0,Female,62556.0,Travel,49.66,2023-12-21,Middle Age
463,61.0,Male,62408.0,Travel,298.55,2023-08-13,Middle Age
464,22.0,Female,60045.0,Groceries,215.47,2023-06-01,Young
465,56.0,Male,66554.0,Clothing,245.77,2023-01-19,Middle Age
466,21.0,Male,77859.0,Groceries,909.35,2023-05-26,Young
467,23.0,Male,74243.0,Electronics,473.39,2023-08-29,Young
468,62.0,Male,37726.0,Clothing,471.64,2023-12-10,Middle Age
469,49.0,Female,21691.0,Electronics,762.97,2023-08-25,Middle Age
470,69.0,Female,74014.0,Healthcare,162.95,2023-02-04,Senior
471,47.0,Female,39496.0,Electronics,492.39,2023-07-09,Middle Age
472,64.0,Male,56628.0,Healthcare,435.69,2023-01-01,Middle Age
473,52.0,Female,42448.0,Healthcare,600.94,2023-06-02,Middle Age
474,57.0,Female,32970.0,Electronics,999.56,2023-05-06,Middle Age
475,69.0,Female,68121.0,Electronics,771.75,2023-12-11,Senior
476,33.0,Male,71387.0,Healthcare,403.89,2023-08-14,Adult
477,30.0,Male,51352.0,Clothing,829.28,2023-08-09,Adult
479,59.0,Female,51806.0,Travel,40.16,2023-01-25,Middle Age
480,47.0,Female,65877.0,Healthcare,212.4,2023-01-16,Middle Age
481,36.0,Female,37816.0,Clothing,347.01,2023-07-01,Adult
482,34.0,Male,62750.0,Travel,515.47,2023-11-25,Adult
483,36.0,Male,59770.0,Groceries,618.98,2023-05-09,Adult
484,45.0,Female,68689.0,Groceries,911.5,2023-02-11,Adult
485,43.0,Male,61793.0,Clothing,514.76,2023-12-02,Adult
486,54.0,Male,45403.0,Healthcare,506.26,2023-08-24,Middle Age
487,43.0,Male,77948.0,Electronics,59.74,2023-12-26,Adult
488,40.0,Male,57622.0,Clothing,44.56,2023-02-03,Adult
489,26.0,Female,59590.0,Travel,555.65,2023-12-11,Adult
490,29.0,Male,46000.0,Travel,443.8,2023-02-14,Adult
491,18.0,Male,53350.0,Groceries,840.79,2023-05-14,Young
492,18.0,Male,46727.0,Travel,169.07,2023-01-21,Young
493,64.0,Male,57405.0,Clothing,34.72,2023-05-02,Middle Age
494,51.0,Female,85675.0,Travel,454.55,2023-03-11,Middle Age
495,49.0,Female,39421.0,Clothing,245.1,2023-12-18,Middle Age
496,65.0,Male,35796.0,Electronics,59.12,2023-12-27,Middle Age
497,42.0,Male,82067.0,Groceries,727.35,2023-02-17,Adult
498,57.0,Male,56860.0,Travel,120.48,2023-02-08,Middle Age
499,62.0,Male,49963.0,Clothing,612.24,2023-10-14,Middle Age
500,18.0,Male,75598.0,Healthcare,288.24,2023-01-10,Young
501,33.0,Male,50915.0,Groceries,181.76,2023-01-30,Adult
502,56.0,Female,87390.0,Electronics,385.95,2023-09-01,Middle Age
503,22.0,Male,70168.0,Clothing,803.43,2023-10-01,Young
504,39.0,Female,52681.0,Electronics,398.17,2023-03-29,Adult
505,46.0,Female,92359.0,Electronics,753.26,2023-09-01,Middle Age
506,20.0,Male,50914.0,Travel,134.23,2023-11-25,Young
507,29.0,Female,71131.0,Travel,775.04,2023-01-15,Adult
508,43.0,Female,64489.0,Clothing,244.56,2023-01-04,Adult
509,33.0,Female,79526.0,Healthcare,680.62,2023-07-10,Adult
510,68.0,Female,83422.0,Clothing,570.12,2023-06-17,Senior
511,54.0,Female,60480.0,Healthcare,929.85,2023-01-09,Middle Age
512,39.0,Female,48698.0,Electronics,393.45,2023-04-19,Adult
513,46.0,Male,66899.0,Groceries,75.5,2023-05-17,Middle Age
514,31.0,Female,49834.0,Clothing,28.96,2023-06-03,Adult
515,45.0,Female,90200.0,Clothing,828.59,2023-07-28,Adult
516,22.0,Female,62048.0,Healthcare,529.49,2023-09-29,Young
517,64.0,Male,54520.0,Electronics,777.49,2023-05-23,Middle Age
518,66.0,Female,62770.0,Electronics,242.08,2023-04-09,Senior
519,47.0,Male,39793.0,Healthcare,351.63,2023-11-04,Middle Age
520,63.0,Female,45425.0,Electronics,39.8,2023-03-10,Middle Age
521,69.0,Male,78006.0,Travel,961.88,2023-09-04,Senior
522,22.0,Male,50146.0,Groceries,671.19,2023-09-18,Young
523,29.0,Female,44296.0,Clothing,933.87,2023-10-03,Adult
524,33.0,Female,68049.0,Groceries,272.84,2023-03-20,Adult
525,43.0,Male,77785.0,Clothing,615.35,2023-05-26,Adult
526,43.0,Female,70784.0,Travel,681.71,2023-04-21,Adult
527,65.0,Male,74940.0,Electronics,324.37,2023-09-15,Middle Age
528,38.0,Male,48648.0,Healthcare,849.63,2023-04-03,Adult
529,56.0,Male,38672.0,Travel,947.69,2023-01-13,Middle Age
530,53.0,Male,82520.0,Groceries,886.01,2023-09-17,Middle Age
531,50.0,Male,55159.0,Healthcare,741.68,2023-04-19,Middle Age
532,47.0,Female,56237.0,Electronics,284.69,2023-11-26,Middle Age
533,54.0,Male,79922.0,Travel,288.8,2023-07-08,Middle Age
534,40.0,Male,68343.0,Healthcare,963.73,2023-04-05,Adult
535,27.0,Female,66838.0,Travel,20.18,2023-04-15,Adult
536,22.0,Male,92475.0,Travel,718.89,2023-01-08,Young
537,53.0,Female,50347.0,Electronics,709.18,2023-03-08,Middle Age
538,51.0,Female,73917.0,Clothing,626.46,2023-07-10,Middle Age
539,69.0,Female,60855.0,Healthcare,990.21,2023-09-13,Senior
540,48.0,Male,64028.0,Electronics,318.76,2023-01-09,Middle Age
541,27.0,Male,82927.0,Travel,346.57,2023-04-27,Adult
542,36.0,Male,67617.0,Electronics,88.15,2023-09-24,Adult
543,49.0,Female,68074.0,Clothing,448.37,2023-04-09,Middle Age
544,18.0,Male,76087.0,Healthcare,268.44,2023-10-25,Young
545,22.0,Female,54525.0,Clothing,349.95,2023-06-13,Young
546,62.0,Male,47411.0,Groceries,836.23,2023-05-21,Middle Age
547,21.0,Female,44327.0,Healthcare,936.13,2023-09-25,Young
548,33.0,Male,30504.0,Clothing,193.88,2023-02-06,Adult
549,41.0,Male,90843.0,Travel,378.78,2023-03-15,Adult
550,33.0,Male,43451.0,Healthcare,929.34,2023-03-14,Adult
551,19.0,Female,56681.0,Healthcare,71.19,2023-11-04,Young
552,66.0,Female,55847.0,Electronics,101.44,2023-07-18,Senior
553,45.0,Male,64611.0,Travel,171.16,2023-05-10,Adult
554,49.0,Male,72236.0,Groceries,599.26,2023-09-03,Middle Age
555,44.0,Female,72907.0,Clothing,158.97,2023-11-08,Adult
556,37.0,Female,51253.0,Electronics,968.4,2023-03-01,Adult
557,41.0,Female,57493.0,Clothing,452.25,2023-10-06,Adult
558,29.0,Male,64238.0,Groceries,506.5,2023-04-13,Adult
559,67.0,Female,56269.0,Groceries,254.19,2023-10-23,Senior
560,52.0,Male,84110.0,Healthcare,476.25,2023-11-16,Middle Age
561,50.0,Female,67364.0,Groceries,665.29,2023-12-07,Middle Age
562,50.0,Male,71023.0,Clothing,753.67,2023-05-31,Middle Age
563,68.0,Female,69943.0,Travel,756.33,2023-06-06,Senior
564,60.0,Female,77602.0,Travel,582.11,2023-07-25,Middle Age
565,54.0,Female,62715.0,Healthcare,905.32,2023-06-28,Middle Age
566,29.0,Female,40547.0,Clothing,819.23,2023-07-16,Adult
567,20.0,Female,65995.0,Clothing,759.48,2023-08-11,Young
568,18.0,Male,50229.0,Groceries,65.05,2023-03-30,Young
569,50.0,Female,52070.0,Clothing,16.81,2023-10-14,Middle Age
570,57.0,Female,68795.0,Electronics,220.32,2023-10-03,Middle Age
571,27.0,Female,78574.0,Groceries,666.89,2023-08-24,Adult
572,60.0,Male,60319.0,Electronics,417.09,2023-07-02,Middle Age
573,61.0,Female,64632.0,Healthcare,408.38,2023-07-28,Middle Age
574,46.0,Male,85533.0,Travel,885.74,2023-05-10,Middle Age
575,30.0,Female,63611.0,Healthcare,896.61,2023-06-02,Adult
576,29.0,Female,99025.0,Travel,910.08,2023-01-13,Adult
577,48.0,Male,68482.0,Healthcare,320.74,2023-05-02,Middle Age
578,63.0,Female,33588.0,Clothing,694.15,2023-12-25,Middle Age
579,19.0,Male,71300.0,Electronics,278.92,2023-08-08,Young
580,68.0,Male,65717.0,Travel,198.7,2023-04-16,Senior
581,67.0,Female,79346.0,Groceries,192.79,2023-03-11,Senior
582,52.0,Male,70097.0,Electronics,348.69,2023-07-14,Middle Age
583,40.0,Female,57923.0,Groceries,435.66,2023-07-05,Adult
584,34.0,Female,41635.0,Electronics,832.64,2023-04-09,Adult
585,43.0,Male,56864.0,Electronics,128.69,2023-03-23,Adult
586,25.0,Male,47242.0,Healthcare,737.58,2023-03-16,Young
587,46.0,Male,51292.0,Travel,536.14,2023-12-06,Middle Age
588,43.0,Male,68828.0,Travel,295.07,2023-07-11,Adult
589,27.0,Female,85048.0,Electronics,497.89,2023-11-21,Adult
590,43.0,Female,65920.0,Clothing,306.94,2023-08-02,Adult
591,51.0,Male,42061.0,Clothing,600.12,2023-11-11,Middle Age
592,68.0,Female,66669.0,Groceries,439.51,2023-11-14,Senior
593,58.0,Female,77949.0,Groceries,172.76,2023-05-24,Middle Age
594,24.0,Female,50853.0,Healthcare,125.42,2023-08-04,Young
595,21.0,Female,57989.0,Electronics,551.23,2023-12-27,Young
596,67.0,Male,60220.0,Groceries,903.39,2023-11-20,Senior
597,62.0,Male,48226.0,Groceries,350.52,2023-01-15,Middle Age
598,28.0,Female,69724.0,Electronics,735.67,2023-08-05,Adult
599,46.0,Male,58185.0,Healthcare,662.07,2023-02-04,Middle Age
600,53.0,Male,66292.0,Groceries,932.24,2023-07-02,Middle Age
601,42.0,Male,46687.0,Healthcare,822.77,2023-09-27,Adult
602,38.0,Female,53438.0,Travel,570.94,2023-12-24,Adult
603,53.0,Female,70835.0,Healthcare,660.46,2023-04-10,Middle Age
604,27.0,Female,54407.0,Clothing,899.4,2023-01-07,Adult
605,54.0,Male,85904.0,Clothing,405.52,2023-01-30,Middle Age
606,26.0,Female,54005.0,Healthcare,333.53,2023-11-01,Adult
607,41.0,Female,63370.0,Clothing,20.7,2023-05-24,Adult
608,52.0,Male,73988.0,Travel,828.29,2023-04-21,Middle Age
609,66.0,Female,38724.0,Electronics,802.97,2023-08-20,Senior
610,52.0,Female,33587.0,Clothing,113.41,2023-06-28,Middle Age
611,65.0,Male,37115.0,Clothing,581.09,2023-03-13,Middle Age
612,53.0,Male,78938.0,Healthcare,469.34,2023-07-29,Middle Age
613,35.0,Male,51722.0,Travel,127.52,2023-08-08,Adult
614,66.0,Female,98372.0,Electronics,980.76,2023-03-21,Senior
615,56.0,Female,51536.0,Healthcare,222.55,2023-03-24,Middle Age
616,49.0,Female,62768.0,Healthcare,76.56,2023-02-11,Middle Age
617,41.0,Male,83131.0,Travel,598.9,2023-09-30,Adult
618,40.0,Male,90091.0,Electronics,741.48,2023-07-10,Adult
619,49.0,Female,90922.0,Travel,42.12,2023-06-22,Middle Age
620,54.0,Female,78125.0,Electronics,662.13,2023-01-07,Middle Age
621,29.0,Male,75360.0,Travel,536.97,2023-06-04,Adult
622,66.0,Male,68887.0,Healthcare,112.23,2023-01-10,Senior
623,30.0,Male,71675.0,Healthcare,180.8,2023-02-03,Adult
624,40.0,Male,51732.0,Groceries,572.29,2023-02-05,Adult
625,42.0,Female,47727.0,Clothing,303.39,2023-01-06,Adult
626,52.0,Male,59949.0,Travel,938.93,2023-08-03,Middle Age
627,58.0,Female,57447.0,Groceries,820.55,2023-05-14,Middle Age
628,47.0,Female,53201.0,Clothing,983.73,2023-10-12,Middle Age
629,34.0,Female,70445.0,Travel,267.07,2023-05-06,Adult
630,66.0,Male,74329.0,Electronics,970.03,2023-12-03,Senior
631,37.0,Male,61326.0,Clothing,436.92,2023-06-23,Adult
632,65.0,Male,82162.0,Healthcare,354.04,2023-06-01,Middle Age
633,42.0,Male,42874.0,Groceries,59.85,2023-11-27,Adult
634,39.0,Female,57095.0,Clothing,62.24,2023-01-26,Adult
635,30.0,Male,49247.0,Clothing,695.09,2023-04-25,Adult
636,36.0,Male,32001.0,Healthcare,463.35,2023-10-11,Adult
637,66.0,Female,58759.0,Travel,234.26,2023-03-16,Senior
638,53.0,Male,58173.0,Electronics,617.83,2023-06-15,Middle Age
639,29.0,Female,82701.0,Healthcare,260.33,2023-07-08,Adult
640,58.0,Female,69462.0,Electronics,581.86,2023-03-19,Middle Age
641,36.0,Female,44637.0,Travel,365.62,2023-03-31,Adult
642,29.0,Female,87811.0,Clothing,825.32,2023-06-25,Adult
643,26.0,Female,78315.0,Electronics,822.49,2023-01-21,Adult
644,24.0,Female,68731.0,Groceries,482.58,2023-02-23,Young
645,45.0,Female,56602.0,Groceries,357.31,2023-07-03,Adult
646,31.0,Female,45608.0,Healthcare,368.93,2023-12-25,Adult
647,48.0,Male,54416.0,Travel,807.66,2023-08-10,Middle Age
648,69.0,Male,76331.0,Healthcare,334.9,2023-11-11,Senior
649,36.0,Male,88268.0,Healthcare,216.97,2023-11-24,Adult
650,64.0,Male,83148.0,Healthcare,93.84,2023-06-28,Middle Age
651,33.0,Female,52667.0,Groceries,472.03,2023-10-03,Adult
652,22.0,Male,43205.0,Groceries,487.31,2023-04-22,Young
653,52.0,Female,62113.0,Healthcare,842.5,2023-08-12,Middle Age
654,29.0,Male,33473.0,Groceries,229.03,2023-08-02,Adult
655,42.0,Male,64847.0,Travel,387.18,2023-02-28,Adult
656,69.0,Male,57785.0,Healthcare,810.32,2023-11-23,Senior
657,38.0,Female,53009.0,Groceries,825.39,2023-04-19,Adult
658,53.0,Male,36079.0,Electronics,390.76,2023-06-06,Middle Age
659,40.0,Female,67704.0,Healthcare,464.53,2023-07-10,Adult
660,33.0,Female,52009.0,Healthcare,310.25,2023-07-19,Adult
661,56.0,Male,42451.0,Travel,933.23,2023-11-08,Middle Age
663,59.0,Male,59587.0,Clothing,934.41,2023-02-04,Middle Age
664,56.0,Female,86583.0,Travel,687.03,2023-09-03,Middle Age
665,31.0,Male,84918.0,Travel,536.26,2023-08-25,Adult
666,48.0,Female,53143.0,Travel,42.33,2023-04-14,Middle Age
667,22.0,Female,50966.0,Clothing,480.84,2023-01-07,Young
668,52.0,Male,67031.0,Travel,413.67,2023-10-10,Middle Age
669,40.0,Male,45024.0,Groceries,169.61,2023-01-01,Adult
670,46.0,Female,64526.0,Healthcare,659.85,2023-08-07,Middle Age
671,60.0,Female,71491.0,Healthcare,971.44,2023-08-18,Middle Age
672,28.0,Female,78403.0,Electronics,566.57,2023-06-21,Adult
673,35.0,Male,58497.0,Electronics,717.61,2023-03-28,Adult
674,64.0,Female,56944.0,Healthcare,77.77,2023-02-10,Middle Age
675,29.0,Male,46830.0,Groceries,423.49,2023-05-03,Adult
676,26.0,Female,47596.0,Clothing,125.19,2023-11-27,Adult
677,27.0,Female,56602.0,Clothing,616.67,2023-10-25,Adult
678,61.0,Male,65510.0,Groceries,939.1,2023-06-27,Middle Age
679,34.0,Female,73703.0,Clothing,665.16,2023-03-04,Adult
680,55.0,Male,47952.0,Travel,86.04,2023-06-14,Middle Age
681,24.0,Male,82390.0,Healthcare,361.12,2023-07-06,Young
682,63.0,Female,55933.0,Healthcare,555.16,2023-07-28,Middle Age
683,30.0,Male,59679.0,Groceries,409.18,2023-08-15,Adult
684,57.0,Male,48791.0,Clothing,835.31,2023-02-17,Middle Age
685,59.0,Female,23636.0,Electronics,816.52,2023-08-12,Middle Age
686,26.0,Male,73260.0,Electronics,615.71,2023-01-03,Adult
687,67.0,Male,71052.0,Clothing,379.72,2023-06-24,Senior
688,44.0,Male,55780.0,Electronics,262.78,2023-04-09,Adult
689,19.0,Female,61004.0,Groceries,114.82,2023-04-26,Young
690,22.0,Male,67739.0,Groceries,361.35,2023-09-27,Young
691,46.0,Female,36561.0,Clothing,419.04,2023-09-10,Middle Age
692,54.0,Female,52064.0,Electronics,679.06,2023-11-13,Middle Age
693,55.0,Male,71913.0,Groceries,661.58,2023-04-05,Middle Age
694,36.0,Male,41185.0,Groceries,79.41,2023-09-30,Adult
695,25.0,Male,64403.0,Travel,401.31,2023-01-24,Young
696,65.0,Female,39651.0,Travel,189.96,2023-04-26,Middle Age
697,62.0,Male,66996.0,Groceries,165.24,2023-05-31,Middle Age
698,18.0,Male,59465.0,Clothing,829.03,2023-12-04,Young
699,39.0,Male,35773.0,Healthcare,51.5,2023-02-19,Adult
700,69.0,Male,77471.0,Healthcare,424.99,2023-07-25,Senior
701,34.0,Male,48981.0,Groceries,176.52,2023-12-01,Adult
702,24.0,Female,47846.0,Groceries,880.54,2023-03-20,Young
703,42.0,Female,63008.0,Groceries,561.47,2023-03-11,Adult
704,62.0,Male,77229.0,Clothing,239.07,2023-01-27,Middle Age
705,21.0,Male,44762.0,Travel,507.4,2023-09-28,Young
706,53.0,Male,60925.0,Groceries,734.17,2023-02-19,Middle Age
707,23.0,Male,66432.0,Groceries,958.54,2023-10-19,Young
708,48.0,Female,70396.0,Electronics,228.24,2023-09-04,Middle Age
709,36.0,Male,62646.0,Clothing,887.32,2023-09-21,Adult
710,61.0,Female,54494.0,Groceries,934.96,2023-03-20,Middle Age
711,56.0,Female,47586.0,Electronics,917.26,2023-07-09,Middle Age
712,44.0,Male,61292.0,Healthcare,639.06,2023-02-16,Adult
713,27.0,Female,43917.0,Groceries,633.52,2023-12-27,Adult
715,36.0,Female,66548.0,Electronics,754.87,2023-12-18,Adult
716,56.0,Female,73559.0,Clothing,535.98,2023-07-08,Middle Age
717,20.0,Male,24556.0,Groceries,680.66,2023-09-13,Young
718,62.0,Male,44854.0,Healthcare,434.17,2023-08-10,Middle Age
719,30.0,Female,69287.0,Groceries,734.18,2023-08-29,Adult
720,67.0,Male,90862.0,Healthcare,826.23,2023-09-26,Senior
721,45.0,Male,60311.0,Travel,154.97,2023-01-01,Adult
722,37.0,Male,49079.0,Travel,834.6,2023-02-03,Adult
723,45.0,Male,57256.0,Healthcare,544.89,2023-03-20,Adult
724,25.0,Male,80623.0,Clothing,846.22,2023-08-24,Young
725,58.0,Female,50310.0,Groceries,436.99,2023-11-30,Middle Age
726,56.0,Male,48012.0,Groceries,385.25,2023-12-15,Middle Age
727,18.0,Male,52758.0,Travel,915.91,2023-04-08,Young
728,20.0,Male,45700.0,Healthcare,258.66,2023-03-23,Young
729,30.0,Male,61840.0,Groceries,845.77,2023-07-11,Adult
730,45.0,Female,84370.0,Groceries,489.18,2023-09-10,Adult
731,66.0,Female,64846.0,Clothing,518.95,2023-02-07,Senior
732,42.0,Female,56214.0,Electronics,315.38,2023-01-14,Adult
733,50.0,Female,55622.0,Travel,577.31,2023-12-13,Middle Age
734,55.0,Male,36552.0,Travel,331.96,2023-11-06,Middle Age
735,23.0,Female,73246.0,Electronics,48.88,2023-07-28,Young
736,61.0,Male,58832.0,Groceries,279.28,2023-12-23,Middle Age
737,62.0,Male,57292.0,Clothing,16.32,2023-03-30,Middle Age
739,62.0,Male,64481.0,Travel,966.09,2023-04-04,Middle Age
740,64.0,Male,48723.0,Clothing,401.2,2023-04-03,Middle Age
741,38.0,Female,53604.0,Electronics,731.09,2023-12-06,Adult
742,33.0,Female,77226.0,Groceries,352.35,2023-03-26,Adult
743,38.0,Female,61699.0,Electronics,674.38,2023-09-02,Adult
744,28.0,Female,38425.0,Healthcare,807.38,2023-01-22,Adult
745,54.0,Male,73788.0,Travel,947.29,2023-10-18,Middle Age
746,53.0,Female,49977.0,Clothing,406.21,2023-09-29,Middle Age
747,52.0,Male,88099.0,Healthcare,785.47,2023-11-02,Middle Age
748,36.0,Female,76200.0,Clothing,273.27,2023-05-02,Adult
749,37.0,Male,53290.0,Groceries,990.43,2023-05-08,Adult
750,35.0,Male,79215.0,Groceries,35.51,2023-04-23,Adult
751,64.0,Female,61017.0,Groceries,607.49,2023-09-30,Middle Age
752,58.0,Male,72791.0,Clothing,662.91,2023-12-02,Middle Age
753,66.0,Male,67270.0,Healthcare,691.17,2023-05-10,Senior
754,31.0,Female,47304.0,Groceries,129.18,2023-05-12,Adult
755,32.0,Male,50346.0,Healthcare,939.14,2023-03-26,Adult
756,48.0,Female,75449.0,Clothing,189.37,2023-12-16,Middle Age
757,18.0,Female,54978.0,Healthcare,626.53,2023-03-22,Young
758,20.0,Female,53945.0,Clothing,230.45,2023-11-21,Young
759,33.0,Male,45673.0,Clothing,314.14,2023-03-10,Adult
760,40.0,Male,66353.0,Travel,550.99,2023-05-28,Adult
761,28.0,Male,90937.0,Clothing,423.02,2023-01-16,Adult
762,29.0,Female,43987.0,Clothing,168.62,2023-11-03,Adult
763,27.0,Male,60363.0,Electronics,179.23,2023-04-15,Adult
764,49.0,Female,81183.0,Groceries,423.96,2023-06-14,Middle Age
765,33.0,Female,58805.0,Travel,759.71,2023-07-20,Adult
766,25.0,Male,66785.0,Travel,898.99,2023-07-16,Young
767,55.0,Female,44064.0,Travel,93.29,2023-07-04,Middle Age
768,29.0,Male,66424.0,Electronics,399.17,2023-11-18,Adult
769,41.0,Male,57192.0,Clothing,109.24,2023-09-22,Adult
770,45.0,Male,74785.0,Groceries,26.43,2023-12-29,Adult
771,25.0,Male,77810.0,Healthcare,665.1,2023-04-10,Young
772,45.0,Male,98843.0,Clothing,606.42,2023-12-08,Adult
773,53.0,Female,68694.0,Electronics,171.39,2023-11-16,Middle Age
774,43.0,Female,64886.0,Clothing,241.47,2023-08-02,Adult
775,25.0,Female,62915.0,Clothing,33.47,2023-10-05,Young
776,67.0,Male,54702.0,Electronics,836.6,2023-06-11,Senior
777,45.0,Male,65077.0,Travel,974.94,2023-06-06,Adult
778,45.0,Male,55568.0,Travel,144.1,2023-09-08,Adult
779,54.0,Female,62526.0,Groceries,239.16,2023-04-07,Middle Age
780,58.0,Male,79763.0,Groceries,869.73,2023-01-18,Middle Age
781,53.0,Female,44901.0,Travel,927.2,2023-11-23,Middle Age
782,44.0,Female,77098.0,Healthcare,425.43,2023-04-07,Adult
783,34.0,Male,79756.0,Clothing,60.12,2023-01-01,Adult
784,26.0,Male,58228.0,Healthcare,49.0,2023-08-04,Adult
785,50.0,Female,28172.0,Clothing,578.21,2023-05-12,Middle Age
786,37.0,Male,50882.0,Travel,398.97,2023-09-17,Adult
787,30.0,Female,79454.0,Groceries,38.37,2023-05-05,Adult
788,45.0,Male,59656.0,Groceries,587.42,2023-03-23,Adult
789,65.0,Male,45010.0,Healthcare,21.19,2023-10-10,Middle Age
790,46.0,Female,52428.0,Groceries,789.5,2023-06-20,Middle Age
791,30.0,Male,72609.0,Travel,313.37,2023-02-28,Adult
792,63.0,Female,68201.0,Healthcare,49.86,2023-02-01,Middle Age
793,52.0,Male,56416.0,Clothing,592.47,2023-06-10,Middle Age
794,23.0,Female,54497.0,Groceries,403.71,2023-10-11,Young
795,35.0,Female,54123.0,Electronics,974.06,2023-04-16,Adult
796,68.0,Male,46163.0,Groceries,548.76,2023-04-15,Senior
797,22.0,Female,84230.0,Clothing,282.49,2023-08-16,Young
798,64.0,Male,55165.0,Healthcare,712.34,2023-07-07,Middle Age
799,42.0,Male,78257.0,Clothing,278.78,2023-03-11,Adult
800,19.0,Male,82819.0,Electronics,905.2,2023-11-14,Young
801,27.0,Female,74974.0,Travel,380.97,2023-10-17,Adult
802,47.0,Female,53525.0,Groceries,554.37,2023-03-28,Middle Age
803,67.0,Male,66055.0,Healthcare,60.07,2023-12-28,Senior
804,62.0,Male,59637.0,Travel,431.86,2023-02-25,Middle Age
805,22.0,Female,46444.0,Clothing,834.04,2023-04-23,Young
806,50.0,Male,64865.0,Healthcare,807.59,2023-01-13,Middle Age
807,18.0,Male,42314.0,Travel,232.08,2023-01-18,Young
808,35.0,Female,77815.0,Healthcare,233.82,2023-07-01,Adult
809,49.0,Male,53030.0,Electronics,819.13,2023-04-23,Middle Age
810,64.0,Female,63017.0,Electronics,931.09,2023-08-17,Middle Age
811,66.0,Male,64249.0,Groceries,104.41,2023-06-20,Senior
812,28.0,Female,56116.0,Groceries,455.56,2023-10-22,Adult
813,38.0,Male,68800.0,Electronics,344.08,2023-07-08,Adult
814,43.0,Male,52876.0,Healthcare,871.98,2023-03-20,Adult
815,42.0,Female,73069.0,Electronics,92.69,2023-05-26,Adult
816,39.0,Male,39810.0,Groceries,219.01,2023-07-01,Adult
817,44.0,Female,61895.0,Electronics,754.94,2023-10-13,Adult
818,66.0,Male,89083.0,Electronics,60.78,2023-09-07,Senior
819,30.0,Female,44995.0,Healthcare,497.61,2023-12-20,Adult
820,50.0,Female,49833.0,Travel,447.69,2023-11-10,Middle Age
821,51.0,Female,67708.0,Groceries,341.06,2023-07-15,Middle Age
822,58.0,Female,62693.0,Healthcare,400.63,2023-11-19,Middle Age
823,52.0,Male,65259.0,Electronics,534.64,2023-03-12,Middle Age
824,18.0,Male,67337.0,Electronics,169.75,2023-09-05,Young
825,38.0,Female,69520.0,Travel,576.28,2023-05-26,Adult
826,65.0,Female,76645.0,Groceries,807.38,2023-04-16,Middle Age
827,23.0,Female,66147.0,Groceries,762.56,2023-09-20,Young
828,45.0,Male,56381.0,Clothing,162.36,2023-10-23,Adult
829,34.0,Male,70088.0,Groceries,157.76,2023-03-11,Adult
830,22.0,Male,88498.0,Travel,275.49,2023-07-12,Young
831,48.0,Male,58010.0,Clothing,367.46,2023-03-09,Middle Age
832,22.0,Female,45382.0,Clothing,414.37,2023-11-01,Young
833,55.0,Female,76606.0,Electronics,682.9,2023-02-21,Middle Age
834,20.0,Female,58194.0,Electronics,66.11,2023-12-29,Young
835,40.0,Male,27409.0,Groceries,44.33,2023-10-12,Adult
836,54.0,Male,72711.0,Clothing,397.99,2023-11-30,Middle Age
837,54.0,Male,51970.0,Electronics,700.19,2023-01-09,Middle Age
838,27.0,Female,58642.0,Travel,201.5,2023-09-08,Adult
839,27.0,Female,64979.0,Electronics,645.09,2023-11-28,Adult
840,36.0,Male,62857.0,Electronics,267.23,2023-10-25,Adult
841,34.0,Female,70641.0,Clothing,887.23,2023-07-03,Adult
842,38.0,Male,53467.0,Clothing,896.73,2023-06-28,Adult
843,31.0,Male,67696.0,Healthcare,304.31,2023-07-17,Adult
844,26.0,Female,56106.0,Travel,237.69,2023-05-08,Adult
845,63.0,Male,71082.0,Clothing,417.19,2023-01-20,Middle Age
846,18.0,Female,69230.0,Groceries,248.13,2023-11-24,Young
847,68.0,Male,45968.0,Travel,675.66,2023-03-06,Senior
848,62.0,Female,76289.0,Travel,827.8,2023-07-01,Middle Age
849,30.0,Female,51960.0,Clothing,676.36,2023-08-29,Adult
850,21.0,Female,72120.0,Travel,826.11,2023-01-24,Young
851,18.0,Male,65509.0,Clothing,403.02,2023-03-24,Young
852,66.0,Male,87572.0,Electronics,164.75,2023-11-15,Senior
853,57.0,Female,56648.0,Healthcare,740.57,2023-07-04,Middle Age
854,49.0,Female,54760.0,Electronics,366.87,2023-11-12,Middle Age
855,51.0,Male,59708.0,Clothing,674.56,2023-04-09,Middle Age
856,45.0,Male,55452.0,Clothing,277.94,2023-03-03,Adult
857,48.0,Male,71999.0,Electronics,90.42,2023-10-13,Middle Age
858,25.0,Female,35755.0,Groceries,992.66,2023-01-22,Young
859,56.0,Male,44194.0,Groceries,164.64,2023-07-31,Middle Age
860,43.0,Male,43982.0,Groceries,988.54,2023-05-06,Adult
861,51.0,Female,74254.0,Clothing,977.51,2023-02-11,Middle Age
862,20.0,Male,85659.0,Travel,795.88,2023-04-08,Young
863,67.0,Male,58433.0,Clothing,662.83,2023-01-31,Senior
864,29.0,Male,57467.0,Travel,582.03,2023-06-07,Adult
865,18.0,Female,61050.0,Electronics,867.44,2023-04-22,Young
866,61.0,Female,77428.0,Healthcare,296.55,2023-09-04,Middle Age
867,22.0,Female,46089.0,Travel,473.0,2023-05-02,Young
868,47.0,Female,63575.0,Groceries,623.2,2023-09-30,Middle Age
869,47.0,Female,74627.0,Clothing,417.08,2023-10-21,Middle Age
870,34.0,Female,67516.0,Electronics,433.21,2023-07-26,Adult
871,65.0,Female,62843.0,Groceries,336.98,2023-04-20,Middle Age
872,64.0,Male,75015.0,Electronics,568.59,2023-10-05,Middle Age
874,32.0,Female,70168.0,Clothing,209.51,2023-02-26,Adult
875,54.0,Male,50188.0,Clothing,935.09,2023-10-18,Middle Age
876,38.0,Male,32540.0,Healthcare,692.2,2023-04-24,Adult
877,31.0,Female,67668.0,Clothing,825.04,2023-11-04,Adult
878,19.0,Male,80604.0,Travel,560.63,2023-12-07,Young
879,28.0,Male,57938.0,Electronics,781.72,2023-07-17,Adult
880,68.0,Male,74293.0,Groceries,26.04,2023-11-17,Senior
881,56.0,Male,84184.0,Healthcare,820.2,2023-06-28,Middle Age
882,55.0,Male,79723.0,Travel,49.74,2023-08-07,Middle Age
883,51.0,Female,84599.0,Groceries,891.01,2023-10-04,Middle Age
884,55.0,Female,71131.0,Groceries,992.04,2023-01-16,Middle Age
885,67.0,Female,61131.0,Healthcare,301.13,2023-03-02,Senior
886,51.0,Male,35970.0,Travel,218.22,2023-02-23,Middle Age
887,35.0,Female,56309.0,Groceries,767.71,2023-06-17,Adult
888,47.0,Male,47351.0,Groceries,260.5,2023-01-26,Middle Age
889,32.0,Male,92564.0,Travel,866.91,2023-12-02,Adult
890,44.0,Male,57361.0,Clothing,111.81,2023-03-06,Adult
891,68.0,Male,61848.0,Groceries,134.7,2023-04-10,Senior
892,51.0,Female,68272.0,Electronics,979.36,2023-03-15,Middle Age
893,69.0,Female,60654.0,Travel,677.1,2023-07-11,Senior
894,55.0,Male,85425.0,Groceries,848.42,2023-06-20,Middle Age
895,50.0,Female,50660.0,Healthcare,331.09,2023-09-30,Middle Age
896,41.0,Male,62919.0,Electronics,679.72,2023-07-06,Adult
897,32.0,Female,48862.0,Groceries,598.3,2023-01-23,Adult
898,47.0,Female,40199.0,Electronics,607.12,2023-06-30,Middle Age
899,59.0,Male,50823.0,Electronics,685.71,2023-11-23,Middle Age
900,68.0,Female,59444.0,Clothing,579.61,2023-04-18,Senior
901,34.0,Male,53560.0,Electronics,434.77,2023-12-01,Adult
902,22.0,Female,49613.0,Clothing,283.16,2023-06-11,Young
903,46.0,Male,38905.0,Travel,770.9,2023-10-29,Middle Age
904,21.0,Male,58753.0,Clothing,234.01,2023-07-25,Young
905,27.0,Female,37429.0,Healthcare,695.43,2023-03-19,Adult
906,34.0,Female,71400.0,Groceries,241.0,2023-01-16,Adult
907,27.0,Male,61236.0,Travel,629.08,2023-11-23,Adult
908,34.0,Female,38136.0,Travel,749.61,2023-04-06,Adult
909,37.0,Female,55361.0,Healthcare,226.53,2023-05-27,Adult
910,41.0,Male,48717.0,Clothing,69.34,2023-01-02,Adult
911,22.0,Male,64787.0,Groceries,139.66,2023-01-10,Young
912,51.0,Female,80106.0,Clothing,609.94,2023-05-05,Middle Age
913,23.0,Male,31872.0,Electronics,850.95,2023-03-22,Young
914,19.0,Male,61725.0,Clothing,54.55,2023-05-20,Young
915,30.0,Male,57598.0,Travel,736.81,2023-11-22,Adult
916,60.0,Female,70070.0,Groceries,347.91,2023-05-30,Middle Age
917,60.0,Female,63197.0,Clothing,483.74,2023-10-15,Middle Age
918,65.0,Male,48720.0,Groceries,929.57,2023-12-27,Middle Age
919,28.0,Female,55214.0,Groceries,338.65,2023-12-06,Adult
920,68.0,Male,48059.0,Electronics,470.68,2023-05-09,Senior
921,64.0,Female,76140.0,Electronics,23.55,2023-08-27,Middle Age
922,40.0,Male,60319.0,Travel,90.78,2023-02-27,Adult
923,33.0,Male,88517.0,Healthcare,266.01,2023-07-17,Adult
924,48.0,Female,59090.0,Groceries,37.57,2023-07-30,Middle Age
925,28.0,Male,49373.0,Healthcare,635.06,2023-02-14,Adult
926,33.0,Female,37294.0,Travel,432.13,2023-04-07,Adult
927,25.0,Female,32952.0,Groceries,552.66,2023-10-06,Young
928,21.0,Male,36237.0,Groceries,182.9,2023-01-23,Young
929,57.0,Male,64006.0,Healthcare,302.97,2023-12-01,Middle Age
930,21.0,Female,67630.0,Clothing,667.19,2023-02-13,Young
931,42.0,Male,36282.0,Electronics,965.65,2023-01-27,Adult
932,20.0,Male,73425.0,Clothing,59.91,2023-10-09,Young
933,49.0,Male,52754.0,Healthcare,891.48,2023-04-07,Middle Age
934,20.0,Male,62201.0,Electronics,581.11,2023-02-05,Young
935,44.0,Male,84183.0,Clothing,568.28,2023-04-19,Adult
936,46.0,Female,73452.0,Electronics,505.28,2023-02-24,Middle Age
937,49.0,Female,55972.0,Groceries,78.7,2023-07-11,Middle Age
938,67.0,Male,46632.0,Clothing,98.98,2023-08-07,Senior
939,68.0,Male,27722.0,Electronics,604.9,2023-07-04,Senior
940,36.0,Male,49212.0,Electronics,347.55,2023-03-10,Adult
941,38.0,Female,56833.0,Electronics,918.1,2023-11-13,Adult
942,22.0,Male,45192.0,Clothing,412.52,2023-05-10,Young
943,35.0,Female,58031.0,Travel,151.85,2023-02-24,Adult
944,45.0,Female,61152.0,Clothing,717.57,2023-04-07,Adult
945,59.0,Female,56627.0,Healthcare,300.42,2023-12-02,Middle Age
946,39.0,Male,50249.0,Clothing,530.22,2023-03-28,Adult
947,38.0,Female,62529.0,Electronics,700.85,2023-10-21,Adult
948,23.0,Male,66629.0,Groceries,901.26,2023-04-29,Young
949,18.0,Female,43644.0,Clothing,794.27,2023-07-27,Young
950,22.0,Male,81163.0,Clothing,679.6,2023-11-30,Young
951,58.0,Female,58521.0,Electronics,682.84,2023-06-03,Middle Age
952,29.0,Male,60282.0,Groceries,946.47,2023-02-04,Adult
953,43.0,Female,70623.0,Groceries,302.87,2023-03-20,Adult
954,63.0,Male,63498.0,Healthcare,11.1,2023-03-08,Middle Age
955,51.0,Male,74297.0,Clothing,279.24,2023-12-09,Middle Age
956,66.0,Male,64306.0,Groceries,225.71,2023-02-03,Senior
957,31.0,Male,50813.0,Groceries,665.22,2023-04-07,Adult
958,43.0,Female,65422.0,Travel,637.37,2023-06-18,Adult
959,62.0,Female,42844.0,Travel,597.53,2023-06-18,Middle Age
960,44.0,Male,61628.0,Groceries,26.08,2023-05-31,Adult
961,26.0,Female,59501.0,Healthcare,731.49,2023-03-12,Adult
962,43.0,Male,56878.0,Groceries,330.3,2023-01-03,Adult
963,64.0,Male,58071.0,Electronics,668.41,2023-11-10,Middle Age
964,39.0,Female,31772.0,Clothing,561.01,2023-02-01,Adult
965,64.0,Male,51769.0,Healthcare,349.3,2023-10-14,Middle Age
966,47.0,Male,61392.0,Electronics,143.23,2023-03-23,Middle Age
967,60.0,Female,62397.0,Healthcare,103.47,2023-02-12,Middle Age
968,65.0,Male,44584.0,Electronics,833.2,2023-04-15,Middle Age
969,34.0,Male,78985.0,Clothing,919.21,2023-01-01,Adult
970,43.0,Male,47007.0,Clothing,653.29,2023-03-02,Adult
971,53.0,Male,74541.0,Travel,112.4,2023-09-27,Middle Age
972,18.0,Female,66407.0,Electronics,408.01,2023-06-29,Young
973,25.0,Female,50306.0,Travel,731.65,2023-08-12,Young
974,66.0,Female,86629.0,Electronics,782.02,2023-01-06,Senior
975,52.0,Male,42095.0,Travel,127.04,2023-04-13,Middle Age
976,69.0,Male,73787.0,Clothing,10.03,2023-01-10,Senior
977,32.0,Female,75008.0,Healthcare,715.02,2023-03-12,Adult
978,64.0,Male,49940.0,Travel,363.03,2023-03-31,Middle Age
979,39.0,Male,80886.0,Electronics,261.94,2023-08-14,Adult
980,31.0,Male,56249.0,Electronics,22.77,2023-06-07,Adult
981,43.0,Male,64330.0,Clothing,544.9,2023-08-16,Adult
982,45.0,Female,63904.0,Electronics,852.64,2023-05-06,Adult
983,40.0,Female,57985.0,Groceries,958.06,2023-07-28,Adult
984,31.0,Female,72162.0,Healthcare,570.09,2023-04-07,Adult
985,41.0,Male,71902.0,Travel,519.32,2023-03-15,Adult
986,19.0,Female,33772.0,Healthcare,94.21,2023-04-25,Young
987,62.0,Female,79565.0,Clothing,553.38,2023-07-10,Middle Age
988,43.0,Male,35062.0,Travel,386.18,2023-06-19,Adult
989,31.0,Male,75488.0,Travel,611.06,2023-11-03,Adult
990,68.0,Female,76900.0,Groceries,394.84,2023-07-23,Senior
991,24.0,Female,43635.0,Clothing,247.9,2023-02-25,Young
992,20.0,Female,53837.0,Electronics,104.02,2023-07-27,Young
993,64.0,Female,43414.0,Groceries,321.77,2023-02-10,Middle Age
994,40.0,Male,56776.0,Groceries,105.68,2023-02-01,Adult
995,63.0,Female,55379.0,Healthcare,185.13,2023-01-15,Middle Age
996,60.0,Female,71694.0,Healthcare,987.46,2023-03-03,Middle Age
997,64.0,Male,79654.0,Healthcare,449.66,2023-06-04,Middle Age
998,62.0,Female,80935.0,Groceries,536.55,2023-10-11,Middle Age
999,35.0,Male,51567.0,Electronics,874.88,2023-07-28,Adult
1000,55.0,Male,56861.0,Travel,995.61,2023-11-16,Middle Age
